session_id,subject_id,context,status,n_units_available,fixed_units,n_repeats_ok,toi_median,toi_mean,toi_std,duration_s_median,n_bins_median,description
26863_2020-Nov-04_12-46-06,26863_Ash,open_field,ok,1072,50,50,0.0008933047320404414,0.00089002898659443,8.649333249916084e-05,2127.9792166666666,213.0,35 mins; OF; decent coverage; still plugged in from previous session in room 2.408
26863_2020-Nov-05_10-26-23,26863_Ash,object_context,ok,720,50,50,0.0007144619905798185,0.0007117071713739309,8.715300645240351e-05,1524.9870666666668,153.0,open field; object
26965_2020-Dec-08_11-29-48,26965_Bubinga,open_field,ok,239,50,50,0.0006305433829437072,0.0006217118738202057,0.0001010461970624256,881.2417666666666,89.0,open field (motive crashed)
26965_2020-Dec-08_14-36-11,26965_Bubinga,open_field,ok,546,50,50,0.0011321119257089493,0.0011295569614506716,0.0001464906055827993,747.9950333333331,75.0,open field; party lights
26965_2020-Dec-09_12-10-58,26965_Bubinga,object_context,ok,546,50,50,0.001103552391923589,0.0010993151527854883,0.0001446046115201154,787.9952333333333,79.0,open field; object
26965_2020-Dec-11_10-58-11,26965_Bubinga,open_field,ok,540,50,50,0.0005513018745665575,0.0005784575970621443,0.00012436816259711725,566.9877833333334,57.0,open field; party lights
26966_2020-Dec-14_15-18-10,26966_Cedar,object_context,ok,462,50,50,0.0012731819315111872,0.0012569992834020418,0.00014362767954936924,1027.9944333333335,103.0,open field; novel object
26966_2020-Dec-16_11-48-01,26966_Cedar,object_context,ok,530,50,50,0.0009112122102186353,0.0009443902989983224,0.00011200354701854245,907.9850000000001,91.0,open field; object
27284_2021-Jun-15_19-16-52,27284_Douglas,open_field,ok,2289,50,50,0.0009925001099872408,0.0009973397435956216,9.440156109345656e-05,1256.9785000000002,126.0,"2 OF sessions with short pot break inbetween, some jumping"
27284_2021-Jun-16_08-24-12,27284_Douglas,sleep,ok,2536,50,50,0.0012324837012460841,0.0012290253609496499,9.3313072569215e-05,9968.565066666666,997.0,sleep
27284_2021-Jun-16_14-33-11,27284_Douglas,open_field,ok,2764,50,50,0.0010952933496731717,0.0010715064002600073,0.00013762039144565616,1470.7899333333335,148.0,OF tall walls
27284_2021-Jun-17_15-01-36,27284_Douglas,object_context,ok,1638,50,50,0.001197805900256037,0.0011951650724361259,0.0001533391609734647,1285.9914166666667,129.0,OF and obj
27284_2021-Jun-18_11-01-41,27284_Douglas,open_field,ok,1225,50,50,0.0014155952352574368,0.00141303933116331,8.419907059080468e-05,1066.9942833333334,107.0,open field and objA of WWW
27285_2021-Jul-01_08-10-45,27285_Elm,sleep,ok,8699,50,50,0.0008633162501714539,0.0008605262107211834,0.00023420496792433626,8254.951716666666,826.0,"sleep, sequence task"
27285_2021-Jul-01_13-26-22,27285_Elm,open_field,ok,950,50,50,0.0006618162368230367,0.00065480065330163,0.00012811672849577556,612.98085,62.0,"open field, WHAT, and WHERE"
27285_2021-Jul-02_13-23-12,27285_Elm,open_field,ok,867,50,50,0.0008874848811198505,0.0008930890586121489,0.00015674374279392756,601.9749166666667,61.0,"open field, WHEN1"
27285_2021-Jun-30_10-03-39,27285_Elm,sequence_task,ok,9565,50,50,0.001593305938161611,0.0015442213484557201,0.00027585479235561034,1969.9198926551253,197.0,sequence task
27285_2021-Jun-30_13-05-14,27285_Elm,sequence_task,ok,9565,50,50,0.0016666215808909875,0.0016337051324960751,0.0002804251249855807,1886.94111003254,189.0,sequence task
27285_2021-Jun-30_13-59-11,27285_Elm,open_field,ok,2213,50,50,0.0015010011062175223,0.0014948207268162344,0.0001508841454676752,1530.2639666666666,154.0,"open field, open field"
27963_2022-Feb-08_21-14-27,27963_Hemlock,open_field,ok,1887,50,50,0.0008432723391826587,0.0008330482394252821,0.00014448280611027765,1097.5786333333333,110.0,OF
27963_2022-Feb-09_08-02-57,27963_Hemlock,sleep,ok,700,50,50,0.0015740424822073536,0.0015788945981885375,9.659143360425592e-05,6326.527483333333,633.0,sleep
27963_2022-Feb-10_11-06-56,27963_Hemlock,object_context,ok,1355,50,50,0.001670885443390096,0.0016805723709685182,0.00013809559817325444,1841.4933,185.0,"OF, obj, obj, obj"
27963_2022-Feb-10_14-07-47,27963_Hemlock,object_context,ok,1288,50,50,0.0017216165912159911,0.0017125856680827243,0.00016262097576871055,1877.9818333333333,188.0,"OF, obj, obj, obj"
27963_2022-Feb-11_14-58-41,27963_Hemlock,open_field,ok,1033,50,50,0.0009411753167779609,0.0009393465985473646,0.0001372913229466649,592.9962166666667,60.0,OF
28003_2022-Mar-07_20-44-03,28003_Ironwood,open_field,ok,886,50,50,0.0005267231284184315,0.0005338560265305085,8.146580611976128e-05,1463.9910168213005,147.0,"OF, LEC was likely deep layers"
28003_2022-Mar-08_11-22-53,28003_Ironwood,open_field,ok,1191,50,50,0.0011602439268464581,0.0011416912173413275,0.00015256141296559827,798.9882332675804,80.0,OF
28003_2022-Mar-08_11-38-59,28003_Ironwood,open_field,ok,1055,50,50,0.0013374154078378674,0.0013306539510301474,0.00015502123293748146,723.99095,73.0,OF
28003_2022-Mar-08_15-04-04,28003_Ironwood,object_context,ok,1383,50,50,0.0010407739625097434,0.001039243062955593,9.681496236130019e-05,1861.9825270353715,187.0,object events
28003_2022-Mar-09_07-54-00,28003_Ironwood,sleep,ok,1598,50,50,0.0014209390504579444,0.0014186536566708095,6.849390899958781e-05,9943.8959,995.0,sleep
28003_2022-Mar-10_10-53-58,28003_Ironwood,object_context,ok,834,50,50,0.0013262955866980882,0.001318409785709158,9.174407921313828e-05,1860.9936115716978,187.0,object events
29629_2024-Oct-29_15-05-13,29629_Karri,object_context,ok,377,50,50,0.0013117345006827673,0.0013180885456531377,0.00013264616610845942,2074.965366666667,208.0,"OF, OBJ"
29629_2024-Oct-30_05-40-15,29629_Karri,sleep,ok,1009,50,50,0.0011932301607542495,0.001186143466836593,7.707034752332107e-05,11443.983210599767,1145.0,sleep
29629_2024-Oct-30_15-13-05,29629_Karri,object_context,ok,396,50,50,0.002004269165127106,0.002001802811188556,0.00016073172699855644,1987.9815858317131,199.0,"OF, OBJ"
29630_2024-Sep-17_07-08-26,29630_Juniper,sleep,ok,2727,50,50,0.0009631591992552843,0.0009669769074566315,8.845194389310594e-05,5498.994488695089,550.0,sleep
29630_2024-Sep-17_09-22-08,29630_Juniper,object_context,ok,2116,50,50,0.00130725721997173,0.0013254596300726995,0.00011946638283767085,2037.994840265105,204.0,"OF, OBJ"
29630_2024-Sep-17_23-09-30,29630_Juniper,sleep,ok,2776,50,50,0.0014556922134032271,0.0014568374944050376,0.000123779268015815,7310.507047173942,732.0,sleep
29630_2024-Sep-18_10-18-21,29630_Juniper,object_context,ok,1908,50,50,0.0014037403788968459,0.0014048037192846278,0.00012207096402835587,2033.9846670136744,204.0,"OF, OBJ"
29630_2024-Sep-18_15-19-16,29630_Juniper,object_context,ok,2245,50,50,0.0012068534116934874,0.00122275184574588,0.00011150856066937496,1872.9863278045136,188.0,"OF, OBJ"
29630_2024-Sep-19_05-09-20,29630_Juniper,sleep,ok,2195,50,50,0.0011011746292404145,0.0011080326565428157,9.832577408761929e-05,10050.987930644733,1006.0,sleep
29630_2024-Sep-20_09-49-05,29630_Juniper,object_context,ok,1749,50,50,0.0017300178342534774,0.0017301107793005572,0.00012837055711604456,1890.9873829971762,190.0,"OF, OBJ"
